"base_period","result_period","star","group","numbers","hits","focus"
"115057004","115057005","3","1","04 10 39","0","近50期熱度"
"115057004","115057005","3","2","50 52 70","0","50期熱度加速"
"115057004","115057005","3","3","08 39 67","0","50期直線連莊"
"115057004","115057005","3","4","17 64 73","1","50期斜線相鄰"
"115057004","115057005","3","5","09 63 72","2","50期密集區域"
"115057004","115057005","3","6","22 38 54","0","50期熱度加速"
"115057004","115057005","3","7","44 52 69","1","近50期熱度"
"115057004","115057005","3","8","42 53 71","0","近50期熱度"
"115057004","115057005","3","9","06 10 51","1","50期熱度加速"
"115057004","115057005","3","10","04 21 43","0","近50期熱度"
"115057004","115057005","4","1","04 10 39 52","0","近50期熱度"
"115057004","115057005","4","2","39 50 64 70","0","50期熱度加速"
"115057004","115057005","4","3","08 54 63 67","1","50期直線連莊"
"115057004","115057005","4","4","17 38 52 73","1","50期斜線相鄰"
"115057004","115057005","4","5","09 44 69 72","2","50期密集區域"
"115057004","115057005","4","6","06 10 22 51","1","50期熱度加速"
"115057004","115057005","4","7","04 21 32 46","0","近50期熱度"
"115057004","115057005","4","8","19 42 53 71","1","近50期熱度"
"115057004","115057005","4","9","43 50 62 70","0","50期熱度加速"
"115057004","115057005","4","10","08 11 39 67","0","近50期熱度"
"115057004","115057005","5","1","04 10 39 52 70","0","近50期熱度"
"115057004","115057005","5","2","10 22 39 50 64","0","50期熱度加速"
"115057004","115057005","5","3","08 39 54 63 67","1","50期直線連莊"
"115057004","115057005","5","4","09 17 38 52 73","2","50期斜線相鄰"
"115057004","115057005","5","5","42 44 51 69 72","2","50期密集區域"
"115057004","115057005","5","6","06 21 46 50 71","0","50期熱度加速"
"115057004","115057005","5","7","04 19 32 43 70","1","近50期熱度"
"115057004","115057005","5","8","08 11 53 62 68","0","近50期熱度"
"115057004","115057005","5","9","05 27 38 45 64","1","50期熱度加速"
"115057004","115057005","5","10","03 58 63 67 72","1","近50期熱度"
