basePeriod,targetPeriod,status,fullHitTickets,anyFullHit
115057126,115057127,settled,0,0
115057129,115057130,settled,0,0
115057131,115057132,settled,0,0
115057138,115057139,settled,0,0
115057143,115057144,settled,0,0
115057147,115057148,settled,0,0
115057151,115057152,settled,0,0
115057156,115057157,settled,0,0
115057161,115057162,settled,0,0
115057165,115057166,settled,0,0
115057170,115057171,settled,1,1
115057174,115057175,settled,0,0
115057179,115057180,settled,0,0
115057184,115057185,settled,0,0
115057187,115057188,settled,0,0
115057192,115057193,settled,1,1
115057196,115057197,settled,0,0
115057200,115057201,settled,0,0
115057205,115057206,settled,0,0
115057210,115057211,settled,0,0
115057216,115057217,settled,1,1
115057221,115057222,settled,0,0
115057225,115057226,settled,0,0
115057235,115057236,settled,0,0
115057240,115057241,settled,0,0
115057245,115057246,settled,0,0
115057246,115057247,settled,0,0
115057250,115057251,settled,0,0
115057254,115057255,settled,0,0
115057257,115057258,settled,0,0
115057264,115057265,settled,0,0
115057270,115057271,settled,0,0
115057274,115057275,settled,0,0
115057279,115057280,settled,0,0
115057282,115057283,settled,0,0
115057286,115057287,settled,0,0
115057291,115057292,settled,0,0
115057294,115057295,settled,0,0
115057298,115057299,settled,0,0
115057303,115057304,settled,0,0
115057306,115057307,settled,0,0
115057310,115057311,settled,0,0
115057315,115057316,settled,0,0
115057318,115057319,settled,0,0
115057323,115057324,settled,0,0
115057327,115057328,settled,0,0
115057330,115057331,settled,0,0
115057335,115057336,settled,0,0
115057340,115057341,settled,0,0
115057345,115057346,settled,0,0
115057349,115057350,settled,0,0
115057352,115057353,settled,0,0
115057356,115057357,settled,0,0
115057361,115057362,settled,0,0
115057364,115057365,settled,0,0
115057369,115057370,settled,0,0
115057373,115057374,settled,0,0
115057376,115057377,settled,0,0
115057381,115057382,settled,0,0
115057385,115057386,settled,0,0
115057388,115057389,settled,0,0
115057392,115057393,settled,0,0
115057396,115057397,settled,0,0
115057400,115057401,pending,,
