"base_period","result_period","method","group","numbers","hits","full_3of3"
"115057042","115057043","DIVERSE_STRONG","1","21 27 52","1","0"
"115057042","115057043","DIVERSE_STRONG","2","38 39 63","1","0"
"115057042","115057043","DIVERSE_STRONG","3","23 29 74","2","0"
"115057042","115057043","DIVERSE_STRONG","4","30 43 58","0","0"
"115057042","115057043","DIVERSE_STRONG","5","31 53 73","0","0"
"115057042","115057043","DIVERSE_STRONG","6","16 33 60","2","0"
"115057042","115057043","DIVERSE_STRONG","7","10 26 42","0","0"
"115057042","115057043","DIVERSE_STRONG","8","24 51 72","2","0"
"115057042","115057043","DIVERSE_STRONG","9","03 15 41","1","0"
"115057042","115057043","DIVERSE_STRONG","10","11 20 75","1","0"
"115057043","115057044","DIVERSE_STRONG","1","52 63 74","1","0"
"115057043","115057044","DIVERSE_STRONG","2","16 27 38","0","0"
"115057043","115057044","DIVERSE_STRONG","3","21 23 60","0","0"
"115057043","115057044","DIVERSE_STRONG","4","30 33 39","1","0"
"115057043","115057044","DIVERSE_STRONG","5","24 29 75","1","0"
"115057043","115057044","DIVERSE_STRONG","6","41 53 61","0","0"
"115057043","115057044","DIVERSE_STRONG","7","03 43 58","0","0"
"115057043","115057044","DIVERSE_STRONG","8","17 31 72","1","0"
"115057043","115057044","DIVERSE_STRONG","9","15 26 42","0","0"
"115057043","115057044","DIVERSE_STRONG","10","08 11 52","1","0"
"115057044","115057045","DIVERSE_STRONG","1","52 63 74","1","0"
"115057044","115057045","DIVERSE_STRONG","2","16 41 75","0","0"
"115057044","115057045","DIVERSE_STRONG","3","21 29 33","1","0"
"115057044","115057045","DIVERSE_STRONG","4","23 30 39","1","0"
"115057044","115057045","DIVERSE_STRONG","5","24 38 60","0","0"
"115057044","115057045","DIVERSE_STRONG","6","27 61 65","0","0"
"115057044","115057045","DIVERSE_STRONG","7","03 11 26","2","0"
"115057044","115057045","DIVERSE_STRONG","8","25 51 72","0","0"
"115057044","115057045","DIVERSE_STRONG","9","08 42 53","2","0"
"115057044","115057045","DIVERSE_STRONG","10","17 31 52","1","0"
"115057048","115057049","DIVERSE_STRONG","1","21 52 75","1","0"
"115057048","115057049","DIVERSE_STRONG","2","08 39 74","0","0"
"115057048","115057049","DIVERSE_STRONG","3","04 23 29","1","0"
"115057048","115057049","DIVERSE_STRONG","4","03 30 38","0","0"
"115057048","115057049","DIVERSE_STRONG","5","05 24 51","0","0"
"115057048","115057049","DIVERSE_STRONG","6","07 56 63","1","0"
"115057048","115057049","DIVERSE_STRONG","7","26 33 40","1","0"
"115057048","115057049","DIVERSE_STRONG","8","20 25 60","3","1"
"115057048","115057049","DIVERSE_STRONG","9","46 50 57","2","0"
"115057048","115057049","DIVERSE_STRONG","10","22 58 76","1","0"
"115057042","115057043","DIVERSE_UNIFORM","1","21 27 52","1","0"
"115057042","115057043","DIVERSE_UNIFORM","2","38 63 74","2","0"
"115057042","115057043","DIVERSE_UNIFORM","3","23 30 39","1","0"
"115057042","115057043","DIVERSE_UNIFORM","4","16 31 43","1","0"
"115057042","115057043","DIVERSE_UNIFORM","5","29 33 60","1","0"
"115057042","115057043","DIVERSE_UNIFORM","6","26 42 73","0","0"
"115057042","115057043","DIVERSE_UNIFORM","7","24 53 58","1","0"
"115057042","115057043","DIVERSE_UNIFORM","8","03 09 51","0","0"
"115057042","115057043","DIVERSE_UNIFORM","9","10 15 41","1","0"
"115057042","115057043","DIVERSE_UNIFORM","10","11 20 72","1","0"
"115057043","115057044","DIVERSE_UNIFORM","1","52 63 74","1","0"
"115057043","115057044","DIVERSE_UNIFORM","2","16 21 38","0","0"
"115057043","115057044","DIVERSE_UNIFORM","3","23 27 60","0","0"
"115057043","115057044","DIVERSE_UNIFORM","4","24 29 39","0","0"
"115057043","115057044","DIVERSE_UNIFORM","5","30 33 41","1","0"
"115057043","115057044","DIVERSE_UNIFORM","6","03 43 75","1","0"
"115057043","115057044","DIVERSE_UNIFORM","7","53 58 61","0","0"
"115057043","115057044","DIVERSE_UNIFORM","8","08 31 42","1","0"
"115057043","115057044","DIVERSE_UNIFORM","9","11 15 26","1","0"
"115057043","115057044","DIVERSE_UNIFORM","10","20 47 73","0","0"
"115057044","115057045","DIVERSE_UNIFORM","1","52 63 74","1","0"
"115057044","115057045","DIVERSE_UNIFORM","2","21 33 75","1","0"
"115057044","115057045","DIVERSE_UNIFORM","3","16 29 38","0","0"
"115057044","115057045","DIVERSE_UNIFORM","4","24 41 60","0","0"
"115057044","115057045","DIVERSE_UNIFORM","5","11 23 39","1","0"
"115057044","115057045","DIVERSE_UNIFORM","6","27 30 65","0","0"
"115057044","115057045","DIVERSE_UNIFORM","7","03 51 61","1","0"
"115057044","115057045","DIVERSE_UNIFORM","8","08 25 53","2","0"
"115057044","115057045","DIVERSE_UNIFORM","9","26 31 42","1","0"
"115057044","115057045","DIVERSE_UNIFORM","10","20 34 73","0","0"
"115057048","115057049","DIVERSE_UNIFORM","1","21 52 75","1","0"
"115057048","115057049","DIVERSE_UNIFORM","2","08 39 74","0","0"
"115057048","115057049","DIVERSE_UNIFORM","3","03 23 30","1","0"
"115057048","115057049","DIVERSE_UNIFORM","4","29 38 63","0","0"
"115057048","115057049","DIVERSE_UNIFORM","5","04 24 33","0","0"
"115057048","115057049","DIVERSE_UNIFORM","6","05 26 40","1","0"
"115057048","115057049","DIVERSE_UNIFORM","7","07 46 56","1","0"
"115057048","115057049","DIVERSE_UNIFORM","8","20 25 51","2","0"
"115057048","115057049","DIVERSE_UNIFORM","9","50 60 76","3","1"
"115057048","115057049","DIVERSE_UNIFORM","10","35 58 65","0","0"
