round,anchor_period,end_period,hot100_pick,hot100_hit,hot100_hit_at,gap_short_pick,gap_short_hit,gap_short_hit_at
1,115057020,115057032,42,0,,75,0,
2,115057032,115057044,42,0,,34,0,
3,115057044,115057056,7,0,,11,0,
4,115057056,115057068,42,0,,37,0,
5,115057068,115057080,56,0,,15,0,
6,115057080,115057092,24,0,,48,0,
7,115057092,115057104,24,0,,69,1,2
8,115057104,115057116,4,0,,71,0,
9,115057116,115057128,4,0,,49,0,
10,115057128,115057140,4,0,,21,0,
11,115057140,115057152,16,0,,62,0,
12,115057152,115057164,16,1,1,1,0,
13,115057164,115057176,16,0,,3,0,
14,115057176,115057188,16,0,,80,0,
15,115057188,115057200,16,0,,2,0,
16,115057200,115057212,16,1,9,59,0,
17,115057212,115057224,16,0,,1,0,
18,115057224,115057236,16,0,,63,1,2
19,115057236,115057248,19,0,,24,1,8
20,115057248,115057260,29,0,,24,0,
21,115057260,115057272,29,0,,65,0,
22,115057272,115057284,29,0,,64,0,
23,115057284,115057296,29,0,,53,0,
24,115057296,115057308,71,1,9,37,0,
25,115057308,115057320,59,0,,23,0,
26,115057320,115057332,59,0,,15,0,
